{"is_source_file": false, "format": "", "description": "", "external_files": [], "external_methods": [], "published": [], "classes": [], "methods": [], "calls": [], "search-terms": [], "state": 2, "file_id": 1, "knowledge_revision": 14, "git_revision": "05e5aa9df45a2b4e91b12f5fb7521d84f9644902", "hash": "d1cf8ba39de7b8cd610a8f075146aea1", "format-version": 4, "code-base-name": "shopping_app_frontend", "filename": "README.md", "revision_history": [{"14": "05e5aa9df45a2b4e91b12f5fb7521d84f9644902"}]}