{"is_source_file": true, "format": "JavaScript", "description": "This file defines a React context for managing a shopping cart, including a provider component and a hook for accessing cart state and actions.", "external_files": ["react"], "external_methods": ["React.createContext", "React.useCallback", "React.useContext", "React.useMemo", "React.useState"], "published": ["CartProvider", "useCart"], "classes": [], "methods": [{"name": "CartProvider({ api, isAuthenticated, children })", "description": "React component that provides cart context to its children, managing cart state and actions such as refresh, add, remove, and clear.", "scope": "", "scopeKind": ""}, {"name": "useCart()", "description": "Custom hook to access cart state and actions within components.", "scope": "", "scopeKind": ""}], "calls": ["createContext", "useState", "useCallback", "useMemo", "useContext", "api.getCart", "api.upsertCartItem", "api.removeCartItem", "api.clearCart"], "search-terms": ["CartContext", "CartProvider", "useCart", "React context for shopping cart"], "state": 2, "file_id": 15, "knowledge_revision": 47, "git_revision": "0df9ff6b6fa645176fd83dadd129c6ea2e1d6ca8", "ctags": [{"_type": "tag", "name": "CartContext", "path": "/home/kavia/workspace/code-generation/unified-shopping-platform-313242-313253/shopping_app_frontend/src/contexts/CartContext.js", "pattern": "/^const CartContext = createContext(null);$/", "language": "JavaScript", "kind": "constant"}, {"_type": "tag", "name": "CartProvider", "path": "/home/kavia/workspace/code-generation/unified-shopping-platform-313242-313253/shopping_app_frontend/src/contexts/CartContext.js", "pattern": "/^export function CartProvider({ api, isAuthenticated, children }) {$/", "language": "JavaScript", "kind": "function", "signature": "({ api, isAuthenticated, children })"}, {"_type": "tag", "name": "useCart", "path": "/home/kavia/workspace/code-generation/unified-shopping-platform-313242-313253/shopping_app_frontend/src/contexts/CartContext.js", "pattern": "/^export function useCart() {$/", "language": "JavaScript", "kind": "function", "signature": "()"}, {"_type": "tag", "name": "value", "path": "/home/kavia/workspace/code-generation/unified-shopping-platform-313242-313253/shopping_app_frontend/src/contexts/CartContext.js", "pattern": "/^  return <CartContext.Provider value={value}>{children}<\\/CartContext.Provider>;$/", "language": "JavaScript", "kind": "field", "scope": "Provider", "scopeKind": "class"}], "hash": "bbce4ad281ac4b333cab7c4594e1bcc7", "format-version": 4, "code-base-name": "shopping_app_frontend", "filename": "shopping_app_frontend/src/contexts/CartContext.js", "fields": [{"name": "return <CartContext.Provider value={value}>{children}<\\/CartContext.Provider>;", "scope": "Provider", "scopeKind": "class", "description": "unavailable"}], "revision_history": [{"47": "0df9ff6b6fa645176fd83dadd129c6ea2e1d6ca8"}]}