{"is_source_file": true, "format": "JavaScript (React JSX)", "description": "This file defines a React component called 'Header' that renders the application's header with navigation links, user authentication actions (login/logout), and cart info.", "external_files": ["../contexts/AuthContext", "../contexts/CartContext", "react", "react-router-dom"], "external_methods": ["useAuth()", "useCart()", "useNavigate()", "NavLink", "Link"], "published": ["Header"], "classes": [], "methods": [{"name": "Header()", "description": "Functional React component rendering the app's header with navigation and user actions.", "scope": "", "scopeKind": ""}], "calls": ["useAuth()", "useCart()", "useNavigate()", "navigationComponent \"Link\"", "navigationComponent \"NavLink\"", "logout()", "navigate()"], "search-terms": ["Header component", "react-router-dom navigation", "AuthContext", "CartContext", "React functional component"], "state": 2, "file_id": 17, "knowledge_revision": 49, "git_revision": "0df9ff6b6fa645176fd83dadd129c6ea2e1d6ca8", "ctags": [{"_type": "tag", "name": "Header", "path": "/home/kavia/workspace/code-generation/unified-shopping-platform-313242-313253/shopping_app_frontend/src/components/Header.js", "pattern": "/^export default function Header() {$/", "language": "JavaScript", "kind": "function", "signature": "()"}], "hash": "8e42995bdd99a1df985dca0a2aff5b89", "format-version": 4, "code-base-name": "shopping_app_frontend", "filename": "shopping_app_frontend/src/components/Header.js", "revision_history": [{"49": "0df9ff6b6fa645176fd83dadd129c6ea2e1d6ca8"}]}