{"is_source_file": true, "format": "JavaScript (React JSX)", "description": "A React component that displays a list of user orders, fetching data via an API and rendering a table with order details.", "external_files": ["../utils/money"], "external_methods": ["formatMoney"], "published": [], "classes": [], "methods": [{"name": "OrdersPage({ api })", "description": "React functional component that fetches and displays user orders.", "scope": "", "scopeKind": ""}], "calls": ["React.useEffect", "React.useState", "api.listOrders", "setOrders", "setBusy", "setError", "formatMoney", "new Date", "toLocaleString"], "search-terms": ["OrdersPage", "orders list component", "order history React", "useEffect API call", "order table"], "state": 2, "file_id": 25, "knowledge_revision": 57, "git_revision": "0df9ff6b6fa645176fd83dadd129c6ea2e1d6ca8", "ctags": [{"_type": "tag", "name": "OrdersPage", "path": "/home/kavia/workspace/code-generation/unified-shopping-platform-313242-313253/shopping_app_frontend/src/pages/OrdersPage.js", "pattern": "/^export default function OrdersPage({ api }) {$/", "language": "JavaScript", "kind": "function", "signature": "({ api })"}], "hash": "676b6c883aac45d1214bd8c9700249af", "format-version": 4, "code-base-name": "shopping_app_frontend", "filename": "shopping_app_frontend/src/pages/OrdersPage.js", "revision_history": [{"57": "0df9ff6b6fa645176fd83dadd129c6ea2e1d6ca8"}]}