{"is_source_file": true, "format": "JavaScript", "description": "This file is the entry point for the React frontend application, responsible for rendering the main App component into the DOM.", "external_files": ["react", "react-dom/client", "./index.css", "./App"], "external_methods": ["ReactDOM.createRoot", "root.render"], "published": [], "classes": [], "methods": [{"name": "ReactDOM.createRoot", "description": "Creates a root to render React components into the DOM."}, {"name": "root.render", "description": "Renders React elements into the specified DOM root."}], "calls": ["ReactDOM.createRoot", "root.render"], "search-terms": ["index.js", "ReactDOM", "render", "main entry point"], "state": 2, "file_id": 11, "knowledge_revision": 23, "git_revision": "338f5d52ba99e72ff1e464a1c316fcd3ab2ef343", "ctags": [{"_type": "tag", "name": "root", "path": "/home/kavia/workspace/code-generation/unified-shopping-platform-313242-313253/shopping_app_frontend/src/index.js", "pattern": "/^const root = ReactDOM.createRoot(document.getElementById('root'));$/", "language": "JavaScript", "kind": "constant"}], "hash": "9fc5841375336fc175b49f8767a11383", "format-version": 4, "code-base-name": "shopping_app_frontend", "filename": "shopping_app_frontend/src/index.js", "revision_history": [{"23": "338f5d52ba99e72ff1e464a1c316fcd3ab2ef343"}]}