{"is_source_file": true, "format": "JavaScript", "description": "A utility function to format monetary amounts with currency, handling both string and number inputs, with fallback formatting.", "external_files": [], "external_methods": ["Intl.NumberFormat"], "published": ["formatMoney"], "classes": [], "methods": [{"name": "formatMoney(amount, currency = \"USD\")", "description": "Formats an amount with a specified currency, attempting to use Intl.NumberFormat and falling back to fixed decimal formatting if formatting fails.", "scope": "", "scopeKind": ""}], "calls": ["Intl.NumberFormat"], "search-terms": ["money formatting", "currency", "formatMoney", "number formatting"], "state": 2, "file_id": 16, "knowledge_revision": 48, "git_revision": "0df9ff6b6fa645176fd83dadd129c6ea2e1d6ca8", "ctags": [{"_type": "tag", "name": "formatMoney", "path": "/home/kavia/workspace/code-generation/unified-shopping-platform-313242-313253/shopping_app_frontend/src/utils/money.js", "pattern": "/^export function formatMoney(amount, currency = \"USD\") {$/", "language": "JavaScript", "kind": "function", "signature": "(amount, currency = \"USD\")"}], "hash": "3bc6ae834a075f420b4109bbee24317f", "format-version": 4, "code-base-name": "shopping_app_frontend", "filename": "shopping_app_frontend/src/utils/money.js", "revision_history": [{"48": "0df9ff6b6fa645176fd83dadd129c6ea2e1d6ca8"}]}