{"is_source_file": true, "format": "JavaScript (React JSX)", "description": "This file defines a React component for the Product Detail Page in a shopping application. It retrieves product data via API calls, displays product details, handles loading/error states, and manages add-to-cart interactions based on user authentication.", "external_files": ["../contexts/AuthContext", "../contexts/CartContext", "../utils/money", "react", "react-router-dom"], "external_methods": ["useAuth", "useCart", "formatMoney", "useParams", "Link"], "published": ["default"], "classes": [], "methods": [{"name": "ProductDetailPage({ api })", "description": "Main React component that displays detailed information for a specific product, including handling loading states and user interactions for adding items to the cart.", "scope": "", "scopeKind": ""}], "calls": ["react", "useAuth", "useCart", "formatMoney", "useParams", "Link", "api.getProduct"], "search-terms": ["ProductDetailPage", "addOrUpdateItem", "useCart", "useAuth", "formatMoney", "getProduct", "productId", "loading", "cart", "API call"], "state": 2, "file_id": 20, "knowledge_revision": 52, "git_revision": "0df9ff6b6fa645176fd83dadd129c6ea2e1d6ca8", "ctags": [{"_type": "tag", "name": "ProductDetailPage", "path": "/home/kavia/workspace/code-generation/unified-shopping-platform-313242-313253/shopping_app_frontend/src/pages/ProductDetailPage.js", "pattern": "/^export default function ProductDetailPage({ api }) {$/", "language": "JavaScript", "kind": "function", "signature": "({ api })"}], "hash": "5f5212c9aee31130e5bfc09844ae1dee", "format-version": 4, "code-base-name": "shopping_app_frontend", "filename": "shopping_app_frontend/src/pages/ProductDetailPage.js", "revision_history": [{"52": "0df9ff6b6fa645176fd83dadd129c6ea2e1d6ca8"}]}