{"is_source_file": true, "format": "JavaScript", "description": "This file defines an authentication context for a React application, providing authentication state management (such as access token storage, login, logout), and a hook for consuming this context.", "external_files": ["react"], "external_methods": ["React.createContext", "React.useCallback", "React.useContext", "React.useMemo", "React.useState"], "published": ["AuthProvider", "useAuth"], "classes": [], "methods": [{"name": "AuthProvider({ children })", "description": "A React component that provides authentication context to its children, managing access token state and persistence.", "scope": "", "scopeKind": ""}, {"name": "useAuth()", "description": "A custom hook to consume authentication context, providing access to auth state and methods.", "scope": "", "scopeKind": ""}], "calls": ["localStorage.getItem", "localStorage.setItem", "localStorage.removeItem"], "search-terms": ["AuthContext", "React authentication context", "Token storage", "useAuth hook", "AuthProvider component"], "state": 2, "file_id": 14, "knowledge_revision": 46, "git_revision": "0df9ff6b6fa645176fd83dadd129c6ea2e1d6ca8", "ctags": [{"_type": "tag", "name": "AuthContext", "path": "/home/kavia/workspace/code-generation/unified-shopping-platform-313242-313253/shopping_app_frontend/src/contexts/AuthContext.js", "pattern": "/^const AuthContext = createContext(null);$/", "language": "JavaScript", "kind": "constant"}, {"_type": "tag", "name": "AuthProvider", "path": "/home/kavia/workspace/code-generation/unified-shopping-platform-313242-313253/shopping_app_frontend/src/contexts/AuthContext.js", "pattern": "/^export function AuthProvider({ children }) {$/", "language": "JavaScript", "kind": "function", "signature": "({ children })"}, {"_type": "tag", "name": "TOKEN_STORAGE_KEY", "path": "/home/kavia/workspace/code-generation/unified-shopping-platform-313242-313253/shopping_app_frontend/src/contexts/AuthContext.js", "pattern": "/^const TOKEN_STORAGE_KEY = \"shopping_app_access_token\";$/", "language": "JavaScript", "kind": "constant"}, {"_type": "tag", "name": "useAuth", "path": "/home/kavia/workspace/code-generation/unified-shopping-platform-313242-313253/shopping_app_frontend/src/contexts/AuthContext.js", "pattern": "/^export function useAuth() {$/", "language": "JavaScript", "kind": "function", "signature": "()"}, {"_type": "tag", "name": "value", "path": "/home/kavia/workspace/code-generation/unified-shopping-platform-313242-313253/shopping_app_frontend/src/contexts/AuthContext.js", "pattern": "/^  return <AuthContext.Provider value={value}>{children}<\\/AuthContext.Provider>;$/", "language": "JavaScript", "kind": "field", "scope": "Provider", "scopeKind": "class"}], "hash": "7f819b8a2a796568535e2ac3dc7382b8", "format-version": 4, "code-base-name": "shopping_app_frontend", "filename": "shopping_app_frontend/src/contexts/AuthContext.js", "fields": [{"name": "return <AuthContext.Provider value={value}>{children}<\\/AuthContext.Provider>;", "scope": "Provider", "scopeKind": "class", "description": "unavailable"}], "revision_history": [{"46": "0df9ff6b6fa645176fd83dadd129c6ea2e1d6ca8"}]}