{"is_source_file": false, "format": "", "description": "", "external_files": [], "external_methods": [], "published": [], "classes": [], "methods": [], "calls": [], "search-terms": [], "state": 2, "file_id": 6, "knowledge_revision": 43, "git_revision": "0df9ff6b6fa645176fd83dadd129c6ea2e1d6ca8", "hash": "aeab37d5ee5307e555b41871e3982ea9", "format-version": 4, "code-base-name": "shopping_app_frontend", "filename": "shopping_app_frontend/src/index.css", "revision_history": [{"43": "0df9ff6b6fa645176fd83dadd129c6ea2e1d6ca8"}]}