{"is_source_file": true, "format": "JavaScript (React JSX)", "description": "A React component representing a registration page allowing new users to create an account, which involves input fields for user information and an API call to register the user.", "external_files": ["react", "react-router-dom", "../contexts/AuthContext"], "external_methods": ["useAuth", "useNavigate", "Link"], "published": [], "classes": [], "methods": [{"name": "RegisterPage({ api })", "description": "React functional component that renders a user registration form and handles user registration logic.", "scope": "", "scopeKind": ""}], "calls": ["useAuth()", "useNavigate()", "api.register()", "setToken()", "navigate()"], "search-terms": ["RegisterPage", "register", "create account", "AuthContext", "useAuth", "register API"], "state": 2, "file_id": 22, "knowledge_revision": 54, "git_revision": "0df9ff6b6fa645176fd83dadd129c6ea2e1d6ca8", "ctags": [{"_type": "tag", "name": "RegisterPage", "path": "/home/kavia/workspace/code-generation/unified-shopping-platform-313242-313253/shopping_app_frontend/src/pages/RegisterPage.js", "pattern": "/^export default function RegisterPage({ api }) {$/", "language": "JavaScript", "kind": "function", "signature": "({ api })"}, {"_type": "tag", "name": "busy", "path": "/home/kavia/workspace/code-generation/unified-shopping-platform-313242-313253/shopping_app_frontend/src/pages/RegisterPage.js", "pattern": "/^                disabled={busy}$/", "language": "JavaScript", "kind": "field", "scope": "RegisterPage.disabled", "scopeKind": "class"}, {"_type": "tag", "name": "password", "path": "/home/kavia/workspace/code-generation/unified-shopping-platform-313242-313253/shopping_app_frontend/src/pages/RegisterPage.js", "pattern": "/^                value={password}$/", "language": "JavaScript", "kind": "field", "scope": "RegisterPage.value", "scopeKind": "class"}], "hash": "c1234f7a8b1999903395abc886c121a1", "format-version": 4, "code-base-name": "shopping_app_frontend", "filename": "shopping_app_frontend/src/pages/RegisterPage.js", "fields": [{"name": "disabled={busy}", "scope": "RegisterPage.disabled", "scopeKind": "class", "description": "unavailable"}, {"name": "value={password}", "scope": "RegisterPage.value", "scopeKind": "class", "description": "unavailable"}], "revision_history": [{"54": "0df9ff6b6fa645176fd83dadd129c6ea2e1d6ca8"}]}