{"is_source_file": false, "format": "", "description": "", "external_files": [], "external_methods": [], "published": [], "classes": [], "methods": [], "calls": [], "search-terms": [], "state": 2, "file_id": 2, "knowledge_revision": 15, "git_revision": "338f5d52ba99e72ff1e464a1c316fcd3ab2ef343", "hash": "d2b40d02d5f7873d8a6713bad837edd4", "format-version": 4, "code-base-name": "shopping_app_frontend", "filename": "shopping_app_frontend/public/index.html", "revision_history": [{"15": "338f5d52ba99e72ff1e464a1c316fcd3ab2ef343"}]}