{"is_source_file": true, "format": "JavaScript (React JSX)", "description": "This file defines a React functional component named `CheckoutPage` which renders the checkout UI for a shopping platform. It displays cart items, total price, and handles the order placement process via an `api` object passed as a prop.", "external_files": ["../contexts/CartContext", "../utils/money", "react", "react-router-dom"], "external_methods": ["useCart", "formatMoney", "useNavigate"], "published": ["CheckoutPage"], "classes": [], "methods": [{"name": "CheckoutPage({ api })", "description": "React functional component that displays checkout details and handles placing an order.", "scope": "", "scopeKind": ""}], "calls": ["useCart", "useNavigate", "refreshCart", "formatMoney", "api.checkout", "refreshCart", "navigate"], "search-terms": ["CheckoutPage", "CartContext", "formatMoney", "react-router-dom", "order placement", "shopping cart UI"], "state": 2, "file_id": 24, "knowledge_revision": 56, "git_revision": "0df9ff6b6fa645176fd83dadd129c6ea2e1d6ca8", "ctags": [{"_type": "tag", "name": "CheckoutPage", "path": "/home/kavia/workspace/code-generation/unified-shopping-platform-313242-313253/shopping_app_frontend/src/pages/CheckoutPage.js", "pattern": "/^export default function CheckoutPage({ api }) {$/", "language": "JavaScript", "kind": "function", "signature": "({ api })"}, {"_type": "tag", "name": "busy", "path": "/home/kavia/workspace/code-generation/unified-shopping-platform-313242-313253/shopping_app_frontend/src/pages/CheckoutPage.js", "pattern": "/^                disabled={busy || items.length === 0}$/", "language": "JavaScript", "kind": "field", "scope": "CheckoutPage.disabled", "scopeKind": "class"}], "hash": "ed3936c0bc149ecd941446850b47ef88", "format-version": 4, "code-base-name": "shopping_app_frontend", "filename": "shopping_app_frontend/src/pages/CheckoutPage.js", "fields": [{"name": "disabled={busy || items.length === 0}", "scope": "CheckoutPage.disabled", "scopeKind": "class", "description": "unavailable"}], "revision_history": [{"56": "0df9ff6b6fa645176fd83dadd129c6ea2e1d6ca8"}]}