{"is_source_file": false, "format": "", "description": "", "external_files": [], "external_methods": [], "published": [], "classes": [], "methods": [], "calls": [], "search-terms": [], "state": 2, "file_id": 12, "knowledge_revision": 20, "git_revision": "338f5d52ba99e72ff1e464a1c316fcd3ab2ef343", "hash": "be6538e7523bc2e9da0743133d784136", "format-version": 4, "code-base-name": "shopping_app_frontend", "filename": "shopping_app_frontend/eslint.config.mjs", "revision_history": [{"20": "338f5d52ba99e72ff1e464a1c316fcd3ab2ef343"}]}