{"is_source_file": true, "file_id": 13, "git_revision": "", "state": 1, "description": "", "external_files": [], "external_methods": [], "published": [], "classes": [], "methods": [], "calls": [], "search-terms": [], "ctags": [{"_type": "tag", "name": "Accept", "path": "/home/kavia/workspace/code-generation/unified-shopping-platform-313242-313253/shopping_app_frontend/src/api/client.js", "pattern": "/^      Accept: \"application\\/json\",$/", "language": "JavaScript", "kind": "property", "scope": "ApiClient.request.headers", "scopeKind": "class"}, {"_type": "tag", "name": "ApiClient", "path": "/home/kavia/workspace/code-generation/unified-shopping-platform-313242-313253/shopping_app_frontend/src/api/client.js", "pattern": "/^export class ApiClient {$/", "language": "JavaScript", "kind": "class"}, {"_type": "tag", "name": "ApiError", "path": "/home/kavia/workspace/code-generation/unified-shopping-platform-313242-313253/shopping_app_frontend/src/api/client.js", "pattern": "/^export class ApiError extends Error {$/", "language": "JavaScript", "kind": "class"}, {"_type": "tag", "name": "DEFAULT_BASE_URL", "path": "/home/kavia/workspace/code-generation/unified-shopping-platform-313242-313253/shopping_app_frontend/src/api/client.js", "pattern": "/^const DEFAULT_BASE_URL = process.env.REACT_APP_API_BASE_URL || \"http:\\/\\/localhost:3001\";$/", "language": "JavaScript", "kind": "constant"}, {"_type": "tag", "name": "checkout", "path": "/home/kavia/workspace/code-generation/unified-shopping-platform-313242-313253/shopping_app_frontend/src/api/client.js", "pattern": "/^  async checkout(payload = {}) {$/", "language": "JavaScript", "kind": "method", "signature": "(payload = {})", "scope": "ApiClient", "scopeKind": "class"}, {"_type": "tag", "name": "clearCart", "path": "/home/kavia/workspace/code-generation/unified-shopping-platform-313242-313253/shopping_app_frontend/src/api/client.js", "pattern": "/^  async clearCart() {$/", "language": "JavaScript", "kind": "method", "signature": "()", "scope": "ApiClient", "scopeKind": "class"}, {"_type": "tag", "name": "constructor", "path": "/home/kavia/workspace/code-generation/unified-shopping-platform-313242-313253/shopping_app_frontend/src/api/client.js", "pattern": "/^  constructor(message, status, data) {$/", "language": "JavaScript", "kind": "method", "signature": "(message, status, data)", "scope": "ApiError", "scopeKind": "class"}, {"_type": "tag", "name": "constructor", "path": "/home/kavia/workspace/code-generation/unified-shopping-platform-313242-313253/shopping_app_frontend/src/api/client.js", "pattern": "/^  constructor(opts = {}) {$/", "language": "JavaScript", "kind": "method", "signature": "(opts = {})", "scope": "ApiClient", "scopeKind": "class"}, {"_type": "tag", "name": "extractErrorMessage", "path": "/home/kavia/workspace/code-generation/unified-shopping-platform-313242-313253/shopping_app_frontend/src/api/client.js", "pattern": "/^function extractErrorMessage(data) {$/", "language": "JavaScript", "kind": "function", "signature": "(data)"}, {"_type": "tag", "name": "getCart", "path": "/home/kavia/workspace/code-generation/unified-shopping-platform-313242-313253/shopping_app_frontend/src/api/client.js", "pattern": "/^  async getCart() {$/", "language": "JavaScript", "kind": "method", "signature": "()", "scope": "ApiClient", "scopeKind": "class"}, {"_type": "tag", "name": "getOrder", "path": "/home/kavia/workspace/code-generation/unified-shopping-platform-313242-313253/shopping_app_frontend/src/api/client.js", "pattern": "/^  async getOrder(orderId) {$/", "language": "JavaScript", "kind": "method", "signature": "(orderId)", "scope": "ApiClient", "scopeKind": "class"}, {"_type": "tag", "name": "getProduct", "path": "/home/kavia/workspace/code-generation/unified-shopping-platform-313242-313253/shopping_app_frontend/src/api/client.js", "pattern": "/^  async getProduct(productId) {$/", "language": "JavaScript", "kind": "method", "signature": "(productId)", "scope": "ApiClient", "scopeKind": "class"}, {"_type": "tag", "name": "headers", "path": "/home/kavia/workspace/code-generation/unified-shopping-platform-313242-313253/shopping_app_frontend/src/api/client.js", "pattern": "/^    const headers = {$/", "language": "JavaScript", "kind": "class", "scope": "ApiClient.request", "scopeKind": "class"}, {"_type": "tag", "name": "listOrders", "path": "/home/kavia/workspace/code-generation/unified-shopping-platform-313242-313253/shopping_app_frontend/src/api/client.js", "pattern": "/^  async listOrders() {$/", "language": "JavaScript", "kind": "method", "signature": "()", "scope": "ApiClient", "scopeKind": "class"}, {"_type": "tag", "name": "listProducts", "path": "/home/kavia/workspace/code-generation/unified-shopping-platform-313242-313253/shopping_app_frontend/src/api/client.js", "pattern": "/^  async listProducts() {$/", "language": "JavaScript", "kind": "method", "signature": "()", "scope": "ApiClient", "scopeKind": "class"}, {"_type": "tag", "name": "login", "path": "/home/kavia/workspace/code-generation/unified-shopping-platform-313242-313253/shopping_app_frontend/src/api/client.js", "pattern": "/^  async login(payload) {$/", "language": "JavaScript", "kind": "method", "signature": "(payload)", "scope": "ApiClient", "scopeKind": "class"}, {"_type": "tag", "name": "register", "path": "/home/kavia/workspace/code-generation/unified-shopping-platform-313242-313253/shopping_app_frontend/src/api/client.js", "pattern": "/^  async register(payload) {$/", "language": "JavaScript", "kind": "method", "signature": "(payload)", "scope": "ApiClient", "scopeKind": "class"}, {"_type": "tag", "name": "removeCartItem", "path": "/home/kavia/workspace/code-generation/unified-shopping-platform-313242-313253/shopping_app_frontend/src/api/client.js", "pattern": "/^  async removeCartItem(cartItemId) {$/", "language": "JavaScript", "kind": "method", "signature": "(cartItemId)", "scope": "ApiClient", "scopeKind": "class"}, {"_type": "tag", "name": "request", "path": "/home/kavia/workspace/code-generation/unified-shopping-platform-313242-313253/shopping_app_frontend/src/api/client.js", "pattern": "/^  async request(method, path, options = {}) {$/", "language": "JavaScript", "kind": "method", "signature": "(method, path, options = {})", "scope": "ApiClient", "scopeKind": "class"}, {"_type": "tag", "name": "upsertCartItem", "path": "/home/kavia/workspace/code-generation/unified-shopping-platform-313242-313253/shopping_app_frontend/src/api/client.js", "pattern": "/^  async upsertCartItem(payload) {$/", "language": "JavaScript", "kind": "method", "signature": "(payload)", "scope": "ApiClient", "scopeKind": "class"}], "format": "JavaScript", "hash": "6dc495f6a8d51abc5460e81998a86ce5", "format-version": 4, "code-base-name": "shopping_app_frontend", "filename": "shopping_app_frontend/src/api/client.js", "knowledge_revision": 27}