{"is_source_file": false, "format": "", "description": "", "external_files": [], "external_methods": [], "published": [], "classes": [], "methods": [], "calls": [], "search-terms": [], "state": 2, "file_id": 7, "knowledge_revision": 22, "git_revision": "338f5d52ba99e72ff1e464a1c316fcd3ab2ef343", "ctags": [], "hash": "1a77571e1a8cf36018a41bcedf60db75", "format-version": 4, "code-base-name": "shopping_app_frontend", "filename": "shopping_app_frontend/src/setupTests.js", "revision_history": [{"22": "338f5d52ba99e72ff1e464a1c316fcd3ab2ef343"}]}