{"is_source_file": false, "format": "", "description": "", "external_files": [], "external_methods": [], "published": [], "classes": [], "methods": [], "calls": [], "search-terms": [], "state": 2, "file_id": 5, "knowledge_revision": 16, "git_revision": "338f5d52ba99e72ff1e464a1c316fcd3ab2ef343", "hash": "d001d53c059625c4bcf75bf5a7f3fcf0", "format-version": 4, "code-base-name": "shopping_app_frontend", "filename": "shopping_app_frontend/package.json", "revision_history": [{"16": "338f5d52ba99e72ff1e464a1c316fcd3ab2ef343"}]}