{"is_source_file": true, "format": "JavaScript (React JSX)", "description": "Defines a React component 'OrderDetailPage' that displays detailed information about an order, including order items, status, total amount, and timestamps. It fetches order data asynchronously using an API passed via props.", "external_files": ["../utils/money", "react", "react-router-dom"], "external_methods": ["useParams", "formatMoney", "Link", "useEffect", "useState"], "published": [], "classes": [], "methods": [{"name": "OrderDetailPage({ api })", "description": "React functional component that displays order details, fetching data on mount and handling loading/error states.", "scope": "", "scopeKind": ""}], "calls": ["api.getOrder", "setOrder", "setError", "setBusy", "new Date", "toLocaleString", "formatMoney"], "search-terms": ["OrderDetailPage", "orderId", "Order", "React component", "order details", "order fetch", "order items"], "state": 2, "file_id": 26, "knowledge_revision": 58, "git_revision": "0df9ff6b6fa645176fd83dadd129c6ea2e1d6ca8", "ctags": [{"_type": "tag", "name": "OrderDetailPage", "path": "/home/kavia/workspace/code-generation/unified-shopping-platform-313242-313253/shopping_app_frontend/src/pages/OrderDetailPage.js", "pattern": "/^export default function OrderDetailPage({ api }) {$/", "language": "JavaScript", "kind": "function", "signature": "({ api })"}], "hash": "e8627c52ffef745ffef620d67b13d016", "format-version": 4, "code-base-name": "shopping_app_frontend", "filename": "shopping_app_frontend/src/pages/OrderDetailPage.js", "revision_history": [{"58": "0df9ff6b6fa645176fd83dadd129c6ea2e1d6ca8"}]}