{"is_source_file": false, "format": "", "description": "", "external_files": [], "external_methods": [], "published": [], "classes": [], "methods": [], "calls": [], "search-terms": [], "state": 2, "file_id": 28, "knowledge_revision": 62, "git_revision": "0df9ff6b6fa645176fd83dadd129c6ea2e1d6ca8", "hash": "51e4bcf2b2f377058cffadbe36d6c52e", "format-version": 4, "code-base-name": "shopping_app_frontend", "filename": "shopping_app_frontend/interfaces/backend_openapi.json", "revision_history": [{"62": "0df9ff6b6fa645176fd83dadd129c6ea2e1d6ca8"}]}