{"is_source_file": false, "format": "", "description": "", "external_files": [], "external_methods": [], "published": [], "classes": [], "methods": [], "calls": [], "search-terms": ["CSS", ":root", "--bg-primary", "--bg-secondary", "--text-primary", "--text-secondary", "--border-color", "--button-bg", "--button-text", "[data-theme=\"dark\"]", ".App", ".App-logo", ".App-header", ".App-link", ".theme-toggle", "@media", "@keyframes", ":hover", ":active", "transition"], "state": 2, "file_id": 9, "knowledge_revision": 21, "git_revision": "338f5d52ba99e72ff1e464a1c316fcd3ab2ef343", "hash": "22f9e17cc1848b56dbb244518ac2707e", "format-version": 4, "code-base-name": "shopping_app_frontend", "filename": "shopping_app_frontend/src/App.css", "revision_history": [{"21": "338f5d52ba99e72ff1e464a1c316fcd3ab2ef343"}]}