{"is_source_file": true, "format": "JavaScript (React JSX)", "description": "This file defines a React functional component 'NotFoundPage' that renders a 404 error fallback page with a link to the products page.", "external_files": ["react", "react-router-dom"], "external_methods": ["React"], "published": ["NotFoundPage"], "classes": [], "methods": [{"name": "NotFoundPage()", "description": "A React functional component that displays a 'Page not found' message with navigation link.", "scope": "", "scopeKind": ""}], "calls": ["React", "Link"], "search-terms": ["NotFoundPage", "404", "React", "react-router-dom", "Page not found", "fallback", "Error page"], "state": 2, "file_id": 27, "knowledge_revision": 59, "git_revision": "0df9ff6b6fa645176fd83dadd129c6ea2e1d6ca8", "ctags": [{"_type": "tag", "name": "NotFoundPage", "path": "/home/kavia/workspace/code-generation/unified-shopping-platform-313242-313253/shopping_app_frontend/src/pages/NotFoundPage.js", "pattern": "/^export default function NotFoundPage() {$/", "language": "JavaScript", "kind": "function", "signature": "()"}], "hash": "533af0b2e6c2abe537a8433071155480", "format-version": 4, "code-base-name": "shopping_app_frontend", "filename": "shopping_app_frontend/src/pages/NotFoundPage.js", "revision_history": [{"59": "0df9ff6b6fa645176fd83dadd129c6ea2e1d6ca8"}]}