{"is_source_file": false, "format": "", "description": "", "external_files": [], "external_methods": [], "published": [], "classes": [], "methods": [], "calls": [], "search-terms": [], "state": 2, "file_id": 9, "knowledge_revision": 26, "git_revision": "338f5d52ba99e72ff1e464a1c316fcd3ab2ef343", "hash": "defff282d79fec044e22f50ae253e280", "format-version": 4, "code-base-name": "shopping_app_frontend", "filename": "shopping_app_frontend/src/App.css", "revision_history": [{"26": "338f5d52ba99e72ff1e464a1c316fcd3ab2ef343"}]}