{"is_source_file": true, "format": "JavaScript (React JSX)", "description": "This file is the main application component for a React-based shopping platform frontend. It sets up routing for various pages, manages authentication and cart context, and initializes an API client.", "external_files": ["./components/Header", "./components/ProtectedRoute", "./pages/ProductsListPage", "./pages/ProductDetailPage", "./pages/LoginPage", "./pages/RegisterPage", "./pages/CartPage", "./pages/CheckoutPage", "./pages/OrdersPage", "./pages/OrderDetailPage", "./pages/NotFoundPage", "./api/client", "./contexts/AuthContext", "./contexts/CartContext", "./App.css"], "external_methods": ["React.useMemo", "useAuth", "logout"], "published": ["App"], "classes": [{"name": "AppShell", "description": "Main application shell component that manages routing and context providers, initializes API client, and renders the page layout."}], "methods": [{"name": "AppShell()", "description": "React functional component that sets up routing, API client, and context providers for the app.", "scope": "", "scopeKind": ""}, {"name": "App()", "description": "Public interface component that wraps AppShell with authentication and routing providers, serving as the application's entry point.", "scope": "", "scopeKind": ""}], "calls": ["React.useMemo", "new ApiClient", "logout", "Header", "Routes", "Route", "ProtectedRoute", "CartProvider", "AppShell", "AuthProvider", "BrowserRouter"], "search-terms": ["App.js", "React", "Routing", "API client initialization", "AuthProvider", "CartProvider", "ProtectedRoute", "Product pages", "Order pages"], "state": 2, "file_id": 8, "knowledge_revision": 42, "git_revision": "0df9ff6b6fa645176fd83dadd129c6ea2e1d6ca8", "revision_history": [{"25": "338f5d52ba99e72ff1e464a1c316fcd3ab2ef343"}, {"42": "0df9ff6b6fa645176fd83dadd129c6ea2e1d6ca8"}], "ctags": [{"_type": "tag", "name": "App", "path": "/home/kavia/workspace/code-generation/unified-shopping-platform-313242-313253/shopping_app_frontend/src/App.js", "pattern": "/^function App() {$/", "language": "JavaScript", "kind": "function", "signature": "()"}, {"_type": "tag", "name": "AppShell", "path": "/home/kavia/workspace/code-generation/unified-shopping-platform-313242-313253/shopping_app_frontend/src/App.js", "pattern": "/^function AppShell() {$/", "language": "JavaScript", "kind": "function", "signature": "()"}, {"_type": "tag", "name": "api", "path": "/home/kavia/workspace/code-generation/unified-shopping-platform-313242-313253/shopping_app_frontend/src/App.js", "pattern": "/^          <Route path=\"\\/\" element={<ProductsListPage api={api} \\/>} \\/>$/", "language": "JavaScript", "kind": "field", "scope": "AppShell.AnonymousClass5c1249750201", "scopeKind": "class"}, {"_type": "tag", "name": "api", "path": "/home/kavia/workspace/code-generation/unified-shopping-platform-313242-313253/shopping_app_frontend/src/App.js", "pattern": "/^          <Route path=\"\\/login\" element={<LoginPage api={api} \\/>} \\/>$/", "language": "JavaScript", "kind": "field", "scope": "AppShell.AnonymousClass5c1249750401", "scopeKind": "class"}, {"_type": "tag", "name": "api", "path": "/home/kavia/workspace/code-generation/unified-shopping-platform-313242-313253/shopping_app_frontend/src/App.js", "pattern": "/^          <Route path=\"\\/products\\/:productId\" element={<ProductDetailPage api={api} \\/>} \\/>$/", "language": "JavaScript", "kind": "field", "scope": "AppShell.AnonymousClass5c1249750301", "scopeKind": "class"}, {"_type": "tag", "name": "api", "path": "/home/kavia/workspace/code-generation/unified-shopping-platform-313242-313253/shopping_app_frontend/src/App.js", "pattern": "/^          <Route path=\"\\/register\" element={<RegisterPage api={api} \\/>} \\/>$/", "language": "JavaScript", "kind": "field", "scope": "AppShell.AnonymousClass5c1249750501", "scopeKind": "class"}, {"_type": "tag", "name": "api", "path": "/home/kavia/workspace/code-generation/unified-shopping-platform-313242-313253/shopping_app_frontend/src/App.js", "pattern": "/^    <CartProvider api={api} isAuthenticated={isAuthenticated}>$/", "language": "JavaScript", "kind": "field", "scope": "AppShell.AnonymousClass5c1249750101", "scopeKind": "class"}], "hash": "b535150063df4c9a5cfe224a27d84d38", "format-version": 4, "code-base-name": "shopping_app_frontend", "filename": "shopping_app_frontend/src/App.js", "fields": [{"name": "<Route path=\"\\/\" element={<ProductsListPage api={api} \\/>} \\/>", "scope": "AppShell.AnonymousClass5c1249750201", "scopeKind": "class", "description": "unavailable"}, {"name": "<Route path=\"\\/login\" element={<LoginPage api={api} \\/>} \\/>", "scope": "AppShell.AnonymousClass5c1249750401", "scopeKind": "class", "description": "unavailable"}, {"name": "<Route path=\"\\/products\\/:productId\" element={<ProductDetailPage api={api} \\/>} \\/>", "scope": "AppShell.AnonymousClass5c1249750301", "scopeKind": "class", "description": "unavailable"}, {"name": "<Route path=\"\\/register\" element={<RegisterPage api={api} \\/>} \\/>", "scope": "AppShell.AnonymousClass5c1249750501", "scopeKind": "class", "description": "unavailable"}, {"name": "<CartProvider api={api} isAuthenticated={isAuthenticated}>", "scope": "AppShell.AnonymousClass5c1249750101", "scopeKind": "class", "description": "unavailable"}]}