{"is_source_file": true, "format": "JavaScript (React JSX)", "description": "React component for displaying a list of products with options to view details and add to cart, including loading/error handling and user authentication checks.", "external_files": ["../utils/money", "../contexts/AuthContext", "../contexts/CartContext", "react", "react-router-dom"], "external_methods": ["formatMoney", "useAuth", "useCart", "React.useEffect", "React.useMemo", "React.useState", "Link"], "published": [], "classes": [], "methods": [{"name": "ProductsListPage({ api })", "description": "Functional React component that displays a list of products, supports loading state, error handling, and user interactions such as adding products to a cart.", "scope": "", "scopeKind": ""}], "calls": ["api.listProducts", "setProducts", "setError", "setLoading", "useEffect", "useMemo", "useState", "formatMoney", "addOrUpdateItem", "refreshCart"], "search-terms": ["ProductsListPage", "React product list", "add to cart button", "product display", "useAuth", "useCart", "load products"], "state": 2, "file_id": 19, "knowledge_revision": 51, "git_revision": "0df9ff6b6fa645176fd83dadd129c6ea2e1d6ca8", "ctags": [{"_type": "tag", "name": "ProductsListPage", "path": "/home/kavia/workspace/code-generation/unified-shopping-platform-313242-313253/shopping_app_frontend/src/pages/ProductsListPage.js", "pattern": "/^export default function ProductsListPage({ api }) {$/", "language": "JavaScript", "kind": "function", "signature": "({ api })"}], "hash": "8a1e6ffddef04448aab96f0edcb8ddde", "format-version": 4, "code-base-name": "shopping_app_frontend", "filename": "shopping_app_frontend/src/pages/ProductsListPage.js", "revision_history": [{"51": "0df9ff6b6fa645176fd83dadd129c6ea2e1d6ca8"}]}