{"is_source_file": false, "format": "", "description": "", "external_files": [], "external_methods": [], "published": [], "classes": [], "methods": [], "calls": [], "search-terms": [], "state": 2, "file_id": 5, "knowledge_revision": 61, "git_revision": "0df9ff6b6fa645176fd83dadd129c6ea2e1d6ca8", "revision_history": [{"16": "338f5d52ba99e72ff1e464a1c316fcd3ab2ef343"}, {"61": "0df9ff6b6fa645176fd83dadd129c6ea2e1d6ca8"}], "hash": "ff8a8c816abae129c5b63ef7ea8e5c0a", "format-version": 4, "code-base-name": "shopping_app_frontend", "filename": "shopping_app_frontend/package.json"}