{"is_source_file": true, "format": "JavaScript", "description": "This is a React functional component for a shopping cart page, rendering cart items, handling cart interactions, and navigation.", "external_files": ["../contexts/CartContext", "../utils/money", "react", "react-router-dom"], "external_methods": ["useCart", "formatMoney", "useNavigate", "useEffect", "useMemo", "useState", "Link"], "published": [], "classes": [], "methods": [{"name": "CartPage()", "description": "React component rendering the shopping cart interface, managing cart state and user interactions.", "scope": "", "scopeKind": ""}], "calls": ["refreshCart", "addOrUpdateItem", "removeItem", "clear", "navigate", "formatMoney"], "search-terms": ["CartPage", "useCart", "shopping cart", "React", "cart management", "checkout", "cart item manipulation"], "state": 2, "file_id": 23, "knowledge_revision": 55, "git_revision": "0df9ff6b6fa645176fd83dadd129c6ea2e1d6ca8", "ctags": [{"_type": "tag", "name": "CartPage", "path": "/home/kavia/workspace/code-generation/unified-shopping-platform-313242-313253/shopping_app_frontend/src/pages/CartPage.js", "pattern": "/^export default function CartPage() {$/", "language": "JavaScript", "kind": "function", "signature": "()"}, {"_type": "tag", "name": "items", "path": "/home/kavia/workspace/code-generation/unified-shopping-platform-313242-313253/shopping_app_frontend/src/pages/CartPage.js", "pattern": "/^                disabled={items.length === 0 || busyClear}$/", "language": "JavaScript", "kind": "field", "scope": "disabled", "scopeKind": "class"}, {"_type": "tag", "name": "items", "path": "/home/kavia/workspace/code-generation/unified-shopping-platform-313242-313253/shopping_app_frontend/src/pages/CartPage.js", "pattern": "/^                disabled={items.length === 0}$/", "language": "JavaScript", "kind": "field", "scope": "disabled", "scopeKind": "class"}], "hash": "803f0e213eacc94ec385100770f59432", "format-version": 4, "code-base-name": "shopping_app_frontend", "filename": "shopping_app_frontend/src/pages/CartPage.js", "fields": [{"name": "disabled={items.length === 0 || busyClear}", "scope": "disabled", "scopeKind": "class", "description": "unavailable"}, {"name": "disabled={items.length === 0}", "scope": "disabled", "scopeKind": "class", "description": "unavailable"}], "revision_history": [{"55": "0df9ff6b6fa645176fd83dadd129c6ea2e1d6ca8"}]}