{"is_source_file": false, "format": "", "description": "", "external_files": [], "external_methods": [], "published": [], "classes": [], "methods": [], "calls": [], "search-terms": [], "state": 2, "file_id": 6, "knowledge_revision": 17, "git_revision": "338f5d52ba99e72ff1e464a1c316fcd3ab2ef343", "hash": "6c2104b8d219ed99234ae2d6329f4357", "format-version": 4, "code-base-name": "shopping_app_frontend", "filename": "shopping_app_frontend/src/index.css", "revision_history": [{"17": "338f5d52ba99e72ff1e464a1c316fcd3ab2ef343"}]}