{"is_source_file": true, "format": "JavaScript (React.js)", "description": "This is a React functional component for the main App of a frontend web application. It manages a theme toggle between light and dark modes, applying the theme to the document; it renders UI elements including a toggle button, logo image, informational text, and a link.", "external_files": ["./logo.svg", "./App.css"], "external_methods": ["React.useState", "React.useEffect"], "published": ["App"], "classes": [], "methods": [{"name": "App()", "description": "Main functional component that renders the application's UI and manages theme toggling state.", "scope": "", "scopeKind": ""}, {"name": "toggleTheme", "description": "Function to toggle the theme state between 'light' and 'dark'."}], "calls": ["React.useState", "React.useEffect", "document.documentElement.setAttribute", "setTheme", "prevTheme => prevTheme === 'light' ? 'dark' : 'light'"], "search-terms": ["React functional component", "theme toggle", "useState", "useEffect", "document theme", "App.js"], "state": 2, "file_id": 8, "knowledge_revision": 25, "git_revision": "338f5d52ba99e72ff1e464a1c316fcd3ab2ef343", "ctags": [{"_type": "tag", "name": "App", "path": "/home/kavia/workspace/code-generation/unified-shopping-platform-313242-313253/shopping_app_frontend/src/App.js", "pattern": "/^function App() {$/", "language": "JavaScript", "kind": "function", "signature": "()"}, {"_type": "tag", "name": "Switch to ${theme === 'light' ? 'dark' : 'light'} mode", "path": "/home/kavia/workspace/code-generation/unified-shopping-platform-313242-313253/shopping_app_frontend/src/App.js", "pattern": "/^          aria-label={`Switch to ${theme === 'light' ? 'dark' : 'light'} mode`}$/", "language": "JavaScript", "kind": "field", "scope": "App.aria", "scopeKind": "class"}, {"_type": "tag", "name": "toggleTheme", "path": "/home/kavia/workspace/code-generation/unified-shopping-platform-313242-313253/shopping_app_frontend/src/App.js", "pattern": "/^          onClick={toggleTheme}$/", "language": "JavaScript", "kind": "field", "scope": "App.onClick", "scopeKind": "class"}], "hash": "b55dd9e6a018e59207d8e277dffd9e11", "format-version": 4, "code-base-name": "shopping_app_frontend", "filename": "shopping_app_frontend/src/App.js", "fields": [{"name": "aria-label={`Switch to ${theme === 'light' ? 'dark' : 'light'} mode`}", "scope": "App.aria", "scopeKind": "class", "description": "unavailable"}, {"name": "onClick={toggleTheme}", "scope": "App.onClick", "scopeKind": "class", "description": "unavailable"}], "revision_history": [{"25": "338f5d52ba99e72ff1e464a1c316fcd3ab2ef343"}]}