{"is_source_file": true, "format": "JavaScript", "description": "This file defines a React component for the login page of a web application, managing user login state, form inputs, and navigation upon successful login.", "external_files": ["react", "react-router-dom", "../contexts/AuthContext"], "external_methods": ["useAuth", "useNavigate", "useLocation", "setToken", "api.login"], "published": [], "classes": [], "methods": [{"name": "LoginPage({ api })", "description": "React functional component rendering a login form, handling user inputs, login process, and navigation.", "scope": "", "scopeKind": ""}], "calls": ["useAuth", "useNavigate", "useLocation", "setToken", "api.login"], "search-terms": ["React LoginPage component", "useAuth hook", "React Router navigation", "Login form", "JWT authentication", "local storage"], "state": 2, "file_id": 21, "knowledge_revision": 53, "git_revision": "0df9ff6b6fa645176fd83dadd129c6ea2e1d6ca8", "ctags": [{"_type": "tag", "name": "LoginPage", "path": "/home/kavia/workspace/code-generation/unified-shopping-platform-313242-313253/shopping_app_frontend/src/pages/LoginPage.js", "pattern": "/^export default function LoginPage({ api }) {$/", "language": "JavaScript", "kind": "function", "signature": "({ api })"}, {"_type": "tag", "name": "busy", "path": "/home/kavia/workspace/code-generation/unified-shopping-platform-313242-313253/shopping_app_frontend/src/pages/LoginPage.js", "pattern": "/^                disabled={busy}$/", "language": "JavaScript", "kind": "field", "scope": "disabled", "scopeKind": "class"}, {"_type": "tag", "name": "password", "path": "/home/kavia/workspace/code-generation/unified-shopping-platform-313242-313253/shopping_app_frontend/src/pages/LoginPage.js", "pattern": "/^                value={password}$/", "language": "JavaScript", "kind": "field", "scope": "value", "scopeKind": "class"}], "hash": "3dae7e3b6400d366c10fd11571af3630", "format-version": 4, "code-base-name": "shopping_app_frontend", "filename": "shopping_app_frontend/src/pages/LoginPage.js", "fields": [{"name": "disabled={busy}", "scope": "disabled", "scopeKind": "class", "description": "unavailable"}, {"name": "value={password}", "scope": "value", "scopeKind": "class", "description": "unavailable"}], "revision_history": [{"53": "0df9ff6b6fa645176fd83dadd129c6ea2e1d6ca8"}]}