{"is_source_file": false, "format": "", "description": "", "external_files": [], "external_methods": [], "published": [], "classes": [], "methods": [], "calls": [], "search-terms": [], "state": 2, "file_id": 3, "knowledge_revision": 19, "git_revision": "338f5d52ba99e72ff1e464a1c316fcd3ab2ef343", "hash": "d9d975cebe2ec20b6c652e1e4c12ccf0", "format-version": 4, "code-base-name": "shopping_app_frontend", "filename": "shopping_app_frontend/public/manifest.json", "revision_history": [{"19": "338f5d52ba99e72ff1e464a1c316fcd3ab2ef343"}]}