{"is_source_file": false, "format": "", "description": "", "external_files": [], "external_methods": [], "published": [], "classes": [], "methods": [], "calls": [], "search-terms": [], "state": 2, "file_id": 4, "knowledge_revision": 18, "git_revision": "338f5d52ba99e72ff1e464a1c316fcd3ab2ef343", "hash": "ebece526bc2eadd78ddd787a76c56607", "format-version": 4, "code-base-name": "shopping_app_frontend", "filename": "shopping_app_frontend/README.md", "revision_history": [{"18": "338f5d52ba99e72ff1e464a1c316fcd3ab2ef343"}]}