{"is_source_file": true, "format": "JavaScript (React)", "description": "A React component named ProtectedRoute that restricts access to its children for unauthenticated users by redirecting them to the login page.", "external_files": ["react", "react-router-dom", "../contexts/AuthContext"], "external_methods": ["useAuth", "useLocation", "Navigate"], "published": [], "classes": [], "methods": [{"name": "ProtectedRoute({ children })", "description": "A React functional component that renders its children if the user is authenticated, otherwise redirects to /login.", "scope": "", "scopeKind": ""}], "calls": ["useAuth()", "useLocation()", "Navigate"], "search-terms": ["ProtectedRoute", "authentication", "React", "routing", "redirect"], "state": 2, "file_id": 18, "knowledge_revision": 50, "git_revision": "0df9ff6b6fa645176fd83dadd129c6ea2e1d6ca8", "ctags": [{"_type": "tag", "name": "ProtectedRoute", "path": "/home/kavia/workspace/code-generation/unified-shopping-platform-313242-313253/shopping_app_frontend/src/components/ProtectedRoute.js", "pattern": "/^export default function ProtectedRoute({ children }) {$/", "language": "JavaScript", "kind": "function", "signature": "({ children })"}], "hash": "ffd7307e2a24f3cc6ece157a96b8e6c4", "format-version": 4, "code-base-name": "shopping_app_frontend", "filename": "shopping_app_frontend/src/components/ProtectedRoute.js", "revision_history": [{"50": "0df9ff6b6fa645176fd83dadd129c6ea2e1d6ca8"}]}